id,italian,reference_english,model_english,my_suggestions,semantic_preserved,error_category,review_notes,corrected_english,correction_applied,applied_rules,review_flags
2,"Il JAS 39C Gripen è precipitato su una pista di atterraggio alle 9:30 circa, ora locale (02:30 UTC), ed è esploso, con la conseguente chiusura dell’aeroporto ai voli commerciali.","The JAS 39C Gripen crashed onto a runway at around 9:30 am local time (0230 UTC) and exploded, closing the airport to commercial flights.","The JAS 39C Gripen crashed on a runway at about 9:30, local time (02:30 UTC), and exploded, resulting in the closure of the airport to commercial flights.",,,,,"The JAS 39C Gripen crashed on a runway at about 9:30, local time (02:30 UTC), and exploded, resulting in the closure of the airport to commercial flights.",no,,
69,"La band ha cancellato il concerto al War Memorial Stadium di Maui a cui avrebbero dovuto partecipare 9.000 persone, scusandosi con i fan.","The band canceled the show at Maui's War Memorial Stadium, which was set to be attended by 9,000 people, and apologized to fans.","The band canceled the concert at the War Memorial Stadium in Maui, where 9,000 people were supposed to attend, apologizing to fans.",,,,,"The band canceled the concert at the War Memorial Stadium in Maui, where 9,000 people were supposed to attend, apologizing to fans.",no,,
73,"Alcune settimane fa, a seguito delle informazioni pubblicate dal giornalista Makis Triantafylopoulos nel suo noto programma televisivo ""Zoungla"" su Alpha TV, il membro del Parlamento e avvocato Petros Mantouvalos è stato destituito dal suo ruolo a causa del coinvolgimento di alcuni componenti del suo staff in fatti illeciti e corruzione.","A few weeks ago, after the information published by the journalist Makis Triantafylopoulos in his popular Television show ""Zoungla"" in Alpha TV, the member of Parliament and lawyer, Petros Mantouvalos was abdicated as members of his office had been involved in illegal graft and corruption.","A few weeks ago, following the information published by journalist Makis Triantafylopoulos in his well-known television program ""Zoungla"" on Alpha TV, MEP and lawyer Petros Mantouvalos was dismissed from his role due to the involvement of some members of his staff in illicit facts and corruption.",,,,,"A few weeks ago, following the information published by journalist Makis Triantafylopoulos in his well-known television program ""Zoungla"" on Alpha TV, MEP and lawyer Petros Mantouvalos was dismissed from his role due to the involvement of some members of his staff in illicit facts and corruption.",no,,
81,La specie Hesperonychus elizabethae appartiene alla famiglia dei dromeosauridi (Dromaeosauridae) ed è considerata un cugino del Velociraptor.,Hesperonychus elizabethae is a species of the family Dromaeosauridae and is a cousin of Velociraptor .,The species Hesperonychus elizabethae belongs to the family of the dromeosaurid (Dromaeosauridae) and is considered a cousin of the Velociraptor.,,,,,The species Hesperonychus elizabethae belongs to the family of the dromeosaurid (Dromaeosauridae) and is considered a cousin of the Velociraptor.,no,,
84,I tentativi di salvataggio sono stati ostacolati sia dal forte terribile ghiaccio che dalle condizioni meteorologiche estreme.,"In addition to the crushing ice, extreme weather conditions have been hampering rescue efforts.",Rescue attempts have been hindered by both the heavy ice and extreme weather conditions.,,,,,Rescue attempts have been hindered by both the heavy ice and extreme weather conditions.,no,,
101,"Nel pomeriggio di mercoledì gli sfiati del serbatoio perdevano ancora, forse a causa di un'espansione termica all'interno dello stesso.","As of Wednesday afternoon, the tank vents were still leaking probably from thermal expansion inside the tank.","In the afternoon of Wednesday the vents of the tank were still lost, perhaps due to a thermal expansion inside it.",,,,,"In the afternoon of Wednesday the vents of the tank were still lost, perhaps due to a thermal expansion inside it.",no,,
110,"Stardust fisserà un nuovo record storico per essere il veicolo spaziale più veloce a rientrare sulla Terra, superando il record precedente raggiunto nel maggio 1969 durante il ritorno del modulo di comando Apollo 10.","Stardust will set a new all-time record for being the fastest spacecraft to return to Earth, breaking the previous record set in May of 1969 during the return of the Apollo X command module.","Stardust will set a new historical record to be the fastest spacecraft to return to Earth, exceeding the previous record reached in May 1969 during the return of the Apollo 10 control module.",,,,,"Stardust will set a new historical record to be the fastest spacecraft to return to Earth, exceeding the previous record reached in May 1969 during the return of the Apollo 10 command module.",yes,aerospace_command_module,
131,"Altre 300 carrozze, per un totale 1.300, verranno acquisite per limitare il sovraffollamento.","An additional 300 brings the total to 1,300 carriages to be acquired to relieve overcrowding.","A further 300 coaches, for a total of 1,300, will be acquired to limit overcrowding.",,,,,"A further 300 coaches, for a total of 1,300, will be acquired to limit overcrowding.",no,,
149,La Northern Rock aveva richiesto sostegno in seguito alla sua esposizione nel corso della crisi dei mutui subprime del 2007.,Northern Rock had required support due to its exposure during the subprime mortgage crisis in 2007.,Northern Rock had requested support following its exposure during the 2007 subprime mortgage crisis.,,,,,Northern Rock had requested support following its exposure during the 2007 subprime mortgage crisis.,no,,
170,"Il governatore ha anche dichiarato: ""Secondo quanto appreso oggi, sono stati individuati alcuni bambini in età scolare che hanno avuto contatti con il paziente"".","The governor also stated, ""Today, we learned that some school aged children have been identified as having had contact with the patient.""","The governor also stated: ""According to what has been learned today, some school-age children have been identified who have had contact with the patient.""",,,,,"The governor also stated: ""According to what has been learned today, some school-age children have been identified who have had contact with the patient.""",no,,
195,Massa resterà fuori almeno per la restante parte della stagione 2009.,Massa is due to be out for at least the rest of the 2009 season.,Massa will remain out for at least the remaining part of the 2009 season.,,,,,Massa will remain out for at least the remaining part of the 2009 season.,no,,
205,Circa dieci minuti prima di atterrare al secondo avvicinamento è scomparso.,About ten minutes before it was due to land from its second approach it disapeared.,"About ten minutes before landing at the second approach, he disappeared.",,,,,"About ten minutes before landing at the second approach, he disappeared.",no,,
206,Oggi è stato individuato il luogo dello schianto; è talmente inaccessibile da richiedere l'intervento di due poliziotti calati nella giungla per recarsi sul posto e cercare sopravvissuti.,The crash site was located today and is so inaccessable that two policemen were dropped into the jungle in order to hike to the scene and seek survivors.,Today the crash site has been identified; it is so inaccessible that it requires the intervention of two policemen dropped into the jungle to go to the place and look for survivors.,,,,,Today the crash site has been identified; it is so inaccessible that it requires the intervention of two policemen dropped into the jungle to go to the place and look for survivors.,no,,
218,Non tutti erano favorevoli all’inclusione dei ranghi femminili.,Not all were supportive of the inclusion of the women’s ranks.,Not everyone was in favour of the inclusion of female ranks.,,,,,Not everyone was in favour of the inclusion of female ranks.,no,,
219,"Amir Khan, medaglia d'argento alle Olimpiadi del 2004, ha affermato: ""Nel profondo, io credo che le donne non dovrebbero combattere. Io la penso così"".","2004 Olympic silver medallist Amir Khan said, ""Deep down I think women shouldn’t fight. That’s my opinion.""","Amir Khan, a silver medalist at the 2004 Olympics, said: ""Deep down, I believe women should not fight. I think so.""",,,,,"Amir Khan, a silver medalist at the 2004 Olympics, said: ""Deep down, I believe women should not fight. I think so.""",no,,
227,"Gli scienziati hanno scoperto le cosiddette ""scarpate lobate"", formazioni morfologiche disseminate sulla superficie della Luna, che sembrano essere il risultato di un lentissimo processo di restringimento di questo satellite naturale.",Scientists have discovered landforms littered across the moon's surface called lobate scarps that have apparently resulted from the moon's shrinking very slowly.,"Scientists have discovered the so-called ""lobed shoes,"" morphological formations scattered on the surface of the Moon, which seem to be the result of a very slow process of narrowing this natural satellite.",,,,,"Scientists have discovered the so-called ""lobate scarps,"" morphological formations scattered on the surface of the Moon, which seem to be the result of a very slow process of narrowing this natural satellite.",yes,geology_lobate_scarps,
246,"Dall'indipendenza del Pakistan dal dominio britannico del 1947, il presidente pachistano ha incaricato ""agenti politici"" a capo delle FATA, i quali esercitano un controllo autonomo quasi totale su quelle aree.","Since Pakistani independence from British rule in 1947, the Pakistani President has appointed ""Political Agents"" to govern FATA, who exercise near-complete autonomous control over the areas.","Since Pakistan's independence from the British domination of 1947, the Pakistani President has appointed ""political agents"" to the head of the FATA, who exercise almost total autonomous control over those areas.",,,,,"Since Pakistan's independence from the British domination of 1947, the Pakistani President has appointed ""political agents"" to the head of the FATA, who exercise almost total autonomous control over those areas.",no,,
274,"Secondo le dichiarazioni di Leslie Aun, portavoce della Fondazione Komen, l'organizzazione ha applicato un nuovo regolamento che vieta la concessione di sovvenzioni o finanziamenti a organizzazioni sottoposte a inchieste legali.","Leslie Aun, a spokesperson for the Komen Foundation, said the organization adopted a new rule that does not allow grants or funding to be awarded to organizations that are under legal investigation.","According to statements by Leslie Aun, spokesman for the Komen Foundation, the organisation has applied a new regulation prohibiting the granting of grants or funding to organisations subject to legal investigations.",,,,,"According to statements by Leslie Aun, spokesman for the Komen Foundation, the organisation has applied a new regulation prohibiting the granting of grants or funding to organisations subject to legal investigations.",no,,
277,"Martedì l'ex governatore del Massachusetts, Mitt Romney, con più del 46% dei voti si è aggiudicato la vittoria alle elezioni primarie presidenziali del Partito Repubblicano della Florida.",Former Massachusetts governor Mitt Romney won the Florida Republican Party presidential primary election on Tuesday with over 46 percent of the vote.,"On Tuesday, the former governor of Massachusetts, Mitt Romney, with more than 46% of the votes, won the victory in the presidential primary election of the Republican Party of Florida.",,,,,"On Tuesday, the former governor of Massachusetts, Mitt Romney, with more than 46% of the votes, won the victory in the presidential primary election of the Republican Party of Florida.",no,,
301,"Oltre alla regia, la carriera di Vautier include uno sciopero della fame nel 1973, che egli fece per combattere contro quella che considerava una censura politica.",Vautier's achievements outside of directing include a hunger strike in 1973 against what he viewed as political censorship.,"In addition to directing, Vautier's career included a hunger strike in 1973, which he did to fight against what he considered a political censorship.",,,,,"In addition to directing, Vautier's career included a hunger strike in 1973, which he did to fight against what he considered a political censorship.",no,,
348,"Le stelle irradiano luce e calore per via dell'energia che si sprigiona quando gli atomi di idrogeno si uniscono (o si fondono) tra loro, formando elementi più pesanti.",Stars give off light and heat because of the energy made when hydrogen atoms are merged (or fused) together to form heavier elements.,"Stars radiate light and heat because of the energy released when hydrogen atoms merge (or merge) with each other, forming heavier elements.",,,,,"Stars radiate light and heat because of the energy released when hydrogen atoms join (or fuse) with each other, forming heavier elements.",yes,fusion_distinction,
363,La lampadina deve essere sostituita. È necessario prestare attenzione quando lo si fa.,The light bulb then needs replacing. It is necessary to be careful in replacing the light bulb.,The bulb needs to be replaced. You need to pay attention when you do it.,,,,,The bulb needs to be replaced. You need to pay attention when you do it.,no,,
411,Le loro balestre mortali scagliavano frecce capaci di penetrare nell’armatura dei soldati nemici. Attorno al 1000 a.C. gli Assiri introdussero la prima cavalleria.,"Arrows from their deadly crossbows could penetrate the armor of rival soldiers. About 1000 B.C., the Assyrians introduced the first cavalry.",Their mortal crossbows hurled arrows capable of penetrating into the armor of enemy soldiers. Around 1000 B.C. the Assyrians introduced the first cavalry.,,,,,Their mortal crossbows hurled arrows capable of penetrating into the armor of enemy soldiers. Around 1000 B.C. the Assyrians introduced the first cavalry.,no,,
430,La Turchia è per estensione il 37° Paese più grande del mondo; le sue dimensioni equivalgono approssimativamente alle dimensioni della Francia metropolitana e del Regno Unito insieme.,"Turkey's area makes it the world's 37th-largest country, and is about the size of Metropolitan France and the United Kingdom combined.",Turkey is by extension the 37th largest country in the world; its size is roughly equal to the size of metropolitan France and the United Kingdom together.,,,,,Turkey is by extension the 37th largest country in the world; its size is roughly equal to the size of metropolitan France and the United Kingdom together.,no,,
443,Il 18% dei venezuelani è senza lavoro e la maggior parte degli occupati lavora nell'economia informale.,"Eighteen percent of Venezuelans are unemployed, and most of those who are employed work in the informal economy.",18% of Venezuelans are out of work and most of them work in the informal economy.,,,,,18% of Venezuelans are out of work and most of them work in the informal economy.,no,,
447,Nel 1981 l'ibrido di orchidea Vanda Miss Joaquim è stato scelto come fiore nazionale del Paese.,"In 1981, Vanda Miss Joaquim, an orchid hybrid, was chosen as the nation's national flower.",In 1981 the Orchid hybrid Vanda Miss Joaquim was chosen as the national flower of the country.,,,,,In 1981 the Orchid hybrid Vanda Miss Joaquim was chosen as the national flower of the country.,no,,
456,Questo ha permesso agli obiettivi zoom di dare vita a immagini la cui qualità è paragonabile a quella raggiunta dagli obiettivi con lunghezza focale fissa.,This has allowed zoom lenses to produce pictures of a quality comparable to that achieved by lenses with fixed focal length.,This allowed zoom lenses to give life to images whose quality is comparable to that achieved by lenses with fixed focal length.,,,,,This allowed zoom lenses to give life to images whose quality is comparable to that achieved by lenses with fixed focal length.,no,,
461,"È per questa ragione che tutte le immagini che vediamo sul televisore avevano i bordi superiori, inferiori e laterali tagliati.","For that reason, everything you see on the TV had the borders cut, top, bottom and sides.","It is for this reason that all the images we see on the TV had the upper, lower and lateral edges cut.",,,,,"It is for this reason that all the images we see on the TV had the upper, lower and lateral edges cut.",no,,
471,Il concetto prevedeva che tutte le nazioni europee si impegnassero per impedire a una nazione di raggiungere l'egemonia; per questo i governi nazionali modificavano spesso le loro alleanze al fine di mantenere l'equilibrio.,"The concept was that all European nations had to seek to prevent one nation from becoming powerful, and thus national governments often changed their alliances in order to maintain the balance.",The concept provided for all European nations to strive to prevent a nation from achieving hegemony; for this reason national governments often changed their alliances in order to maintain balance.,,,,,The concept provided for all European nations to strive to prevent a nation from achieving hegemony; for this reason national governments often changed their alliances in order to maintain balance.,no,,
500,Fu ideato da John Smith negli anni '70 per facilitare il lavoro ai piegatori inesperti o a coloro che avevano limitate capacità motorie.,It was developed by John Smith in the 1970s to help inexperienced folders or those with limited motor skills.,It was designed by John Smith in the 1970s to facilitate work for inexperienced benders or those with limited motor skills.,,,,,It was designed by John Smith in the 1970s to facilitate work for inexperienced benders or those with limited motor skills.,no,,piegatori_requires_activity_context: insufficient source context; manual review
539,"Anche i coloni, avendo notato questa attività, avevano chiamato i rinforzi.","The Colonists, seeing this activity, had also called for reinforcements.","Even the colonists, having noticed this activity, had called for reinforcements.",,,,,"Even the colonists, having noticed this activity, had called for reinforcements.",no,,
546,"Il generale James Ewing avrebbe condotto 700 miliziani attraverso il fiume nei pressi di Trenton Ferry, per assumere poi il controllo del ponte sul torrente Assunpink e impedire la fuga alle truppe nemiche.","General James Ewing would take 700 militia across the river at Trenton Ferry, seize the bridge over the Assunpink Creek and prevent any enemy troops from escaping.","General James Ewing would lead 700 militiamen across the river near Trenton Ferry, then take over the bridge over the Assunpink stream and prevent the escape from enemy troops.",,,,,"General James Ewing would lead 700 militiamen across the river near Trenton Ferry, then take over the bridge over the Assunpink stream and prevent the escape from enemy troops.",no,,
615,"Nuove evidenze, tuttavia, fanno pensare che i Moriori fossero un gruppo di Maori della terraferma che dalla Nuova Zelanda migrò sulle isole Chatham, sviluppando una propria peculiare cultura pacifica.","However, new evidence suggests that the Moriori were a group of mainland Maori who migrated from New Zealand to the Chatham Islands, developing their own distinctive, peaceful culture.","New evidence, however, suggests that the Moriori were a group of Maori from the mainland that migrated from New Zealand to the Chatham Islands, developing its own peculiar peaceful culture.",,,,,"New evidence, however, suggests that the Moriori were a group of Maori from the mainland that migrated from New Zealand to the Chatham Islands, developing its own peculiar peaceful culture.",no,,
707,"Visto dal basso, ha un aspetto un po' spaventoso; è una salita ripida e complicata ma le persone con una discreta forma fisica dovrebbero riuscire a compiere l'impresa in circa 45 minuti.","It looks a bit daunting from below, and it is a steep and difficult ascent, but most reasonably fit persons should be able to make it in about 45 minutes.","Seen from the bottom, it looks a little scary; it's a steep and complicated climb but people with a decent physical form should be able to accomplish the task in about 45 minutes.",,,,,"Seen from the bottom, it looks a little scary; it's a steep and complicated climb but people with a decent physical form should be able to accomplish the task in about 45 minutes.",no,,
727,"Callejon del Beso (Vicolo del Bacio). Due balconi separati da appena 69 centimetri, che sono stati teatro di un'antica leggenda romantica.",Callejon del Beso (Alley of the Kiss). Two balconies separated by only 69 centimeters is home of an old love legend.,"Callejon del Beso (Vicolo del Kiscio). Two balconies separated by just 69 cm, which were the scene of an ancient romantic legend.",,,,,"Callejon del Beso (Vicolo del Kiscio). Two balconies separated by just 69 cm, which were the scene of an ancient romantic legend.",no,,
739,"Le Isole Cook si trovano in Polinesia, nel centro dell'Oceano Pacifico meridionale; costituiscono uno Stato insulare in libera associazione con la Nuova Zelanda.","The Cook Islands are an island country in free association with New Zealand, located in Polynesia, in the middle of the South Pacific Ocean.","The Cook Islands are located in Polynesia, in the center of the South Pacific Ocean; they constitute an island state in free association with New Zealand.",,,,,"The Cook Islands are located in Polynesia, in the center of the South Pacific Ocean; they constitute an island state in free association with New Zealand.",no,,
740,"Si tratta di un arcipelago costituito da 15 isole distribuite su una superficie oceanica di circa 2,2 milioni di km².",It is an archipelago with 15 islands spread out over 2.2 million km2 of ocean.,It is an archipelago of 15 islands spread over an oceanic area of about 2.2 million km2.,,,,,It is an archipelago of 15 islands spread over an oceanic area of about 2.2 million km2.,no,,
747,La colazione può includere prelibatezze stagionali tipiche della zona o una specialità del padrone di casa.,Breakfast may include seasonal delights of the region or the host's speciality dish.,Breakfast can include seasonal delicacies typical of the area or a specialty of the landlord.,,,,,Breakfast can include seasonal delicacies typical of the area or a specialty of the host.,yes,hospitality_host,
749,Salire in macchina e partire per una destinazione lontana ha il fascino intrinseco della semplicità.,Getting into your own car and heading off on a long road trip has an intrinsic appeal in its simplicity.,Getting in the car and leaving for a distant destination has the intrinsic charm of simplicity.,,,,,Getting in the car and leaving for a distant destination has the intrinsic charm of simplicity.,no,,
753,"Il campeggio in auto è possibile se si dispone di un furgoncino, un SUV, una berlina o una station wagon con i sedili ribaltabili.","Car camping is possible if you have a large minivan, SUV, Sedan or Station Wagon with seats that lay down.","The campsite by car is possible if you have a van, a SUV, a sedan or a station wagon with foldable seats.",,,,,"The campsite by car is possible if you have a van, a SUV, a sedan or a station wagon with foldable seats.",no,,
775,"Anche se teoricamente possono svolgersi ogni anno (purché in Paesi diversi), in pratica questo non succede.","Although in theory they can take place annually (so long as they are in different countries), in practice they are not.","Although theoretically they can take place every year (as long as in different countries), in practice this does not happen.",,,,,"Although theoretically they can take place every year (as long as in different countries), in practice this does not happen.",no,,
802,Possibili episodi sanitari a lungo termine legati all'abuso di alcol possono includere danno epatico ed ancora cecità o morte. Il pericolo potenziale aumenta con il consumo di alcol prodotto illegalmente.,Possible long term health events from excessive drinking can include liver damage and even blindness and death. The potential danger is increased when consuming illegally produced alcohol.,Possible long-term health episodes related to alcohol abuse may include liver damage and still blindness or death. The potential danger increases with the consumption of alcohol produced illegally.,,,,,Possible long-term health episodes related to alcohol abuse may include liver damage and still blindness or death. The potential danger increases with the consumption of alcohol produced illegally.,no,,
815,Esistono all'incirca 200 organizzazioni di running tour in tutto il mondo. Gran parte di queste opera in modo indipendente.,"Internationally, there are nearly 200 running tour organizations. Most of them operate independently.",There are about 200 running tours around the world. Most of them work independently.,,,,,There are about 200 running tours around the world. Most of them work independently.,no,,
850,"La fossa può essere riscaldata con pietre arroventate sul fuoco, oppure in alcune zone è il calore geotermico a riscaldare naturalmente certe parti del terreno.","The pit is either heated with hot stones from a fire, or in some places geothermal heat makes areas of ground naturally hot.","The pit can be heated with hot stones on the fire, or in some areas geothermal heat naturally warms certain parts of the ground.",,,,,"The pit can be heated with hot stones on the fire, or in some areas geothermal heat naturally warms certain parts of the ground.",no,,
863,"In più, in presenza di temperature più calde i batteri crescono più velocemente e sopravvivono più a lungo all'esterno del corpo.","Also, in warmer climates bacteria both grow more quickly and survive longer outside the body.","In addition, in the presence of warmer temperatures bacteria grow faster and survive longer outside the body.",,,,,"In addition, in the presence of warmer temperatures bacteria grow faster and survive longer outside the body.",no,,
877,"La malattia infettiva è quella causata da agenti patogeni, quali virus, batteri, funghi o da altri parassiti.","An infectious disease is one that is caused by a pathogen, such as a virus, bacterium, fungus or other parasites.","Infectious disease is caused by pathogens such as viruses, bacteria, fungi or other parasites.",,,,,"Infectious disease is caused by pathogens such as viruses, bacteria, fungi or other parasites.",no,,
885,Se i passeggeri sono più di 2 è previsto un supplemento: quindi questa opzione potrebbe rivelarsi più costosa del dovuto.,"There is a surcharge for having more than 2 passengers, so this option might be more expensive than necessary.",If passengers are more than 2 there is a supplement: then this option may prove more expensive than it should be.,,,,,If passengers are more than 2 there is a supplement: then this option may prove more expensive than it should be.,no,,
889,L'entroterra antartico è un brullo altipiano ricoperto da 2-3 km di ghiaccio.,Inland Antarctica is a desolate plateau covered by 2-3 km of ice.,The Antarctic hinterland is a bare plateau covered by 2-3 km of ice.,,,,,The Antarctic hinterland is a bare plateau covered by 2-3 km of ice.,no,,
919,"Può essere più economico che non acquistare nuove carte per il GPS o un dispositivo GPS autonomo, o noleggiarne uno presso un autonoleggio.","It can save money over buying new maps for a GPS, or a standalone GPS device or renting one from a car rental company.","It may be cheaper than buying new cards for GPS or an autonomous GPS device, or renting one from a car rental.",,,,,"It may be cheaper than buying new maps for GPS or a standalone GPS device, or renting one from a car rental.",yes,gps_maps; standalone_gps,
968,"Nel corso dei secoli, gli abitanti di questi luoghi hanno costruito con perizia delle terrazze per sfruttare queste terre accidentate e ripide, costruendo fino sulle scogliere che si affacciano sul mare.","Over the centuries, people have carefully built terraces on the rugged, steep landscape right up to the cliffs that overlook the sea.","Over the centuries, the inhabitants of these places have built with skill terraces to exploit these rough and steep lands, building up to the cliffs overlooking the sea.",,,,,"Over the centuries, the inhabitants of these places have built with skill terraces to exploit these rough and steep lands, building up to the cliffs overlooking the sea.",no,,
