id,type,original_it,perturbed_it
R1,reordering,"Dopo la riunione, Marco ha chiamato sua madre.","Marco ha chiamato sua madre dopo la riunione."
R2,reordering,"Dopo cena, gli studenti hanno iniziato a studiare.","Gli studenti hanno iniziato a studiare dopo cena."
R3,reordering,"Durante la notte, la temperatura è diminuita rapidamente.","La temperatura è diminuita rapidamente durante la notte."
P1,punctuation,"Quando arrivò, Maria aprì la porta.","Quando arrivò Maria aprì la porta."
P2,punctuation,"Se hai tempo, chiamami domani.","Se hai tempo chiamami domani."
P3,punctuation,"Prima di partire, Luca controllò i documenti.","Prima di partire Luca controllò i documenti."
C1,capitalisation,"Marco è arrivato alla stazione.","marco è arrivato alla stazione."
C2,capitalisation,"Rosa ha comprato un nuovo libro.","rosa ha comprato un nuovo libro."
C3,capitalisation,"Viola vive vicino alla scuola.","viola vive vicino alla scuola."
M1,misspelling,"Il medico ha visitato il paziente.","Il medico ha vistato il paziente."
M2,misspelling,"La macchina è parcheggiata davanti alla casa.","La machina è parcheggiata davanti alla casa."
M3,misspelling,"Gli studenti hanno completato l'esperimento.","Gli studenti hanno completato l'esperimnto."
S1,synonym,"Il bambino ha comprato una bicicletta nuova.","Il bambino ha acquistato una bicicletta nuova."
S2,synonym,"Il professore ha iniziato la lezione.","Il professore ha cominciato la lezione."
S3,synonym,"La donna ha osservato il dipinto.","La donna ha guardato il dipinto."