id,domain,test_type,italian,reference_english,phenomenon,model_english,corrected_english,correction_applied,applied_rules,review_flags,manual_baseline_correct,manual_corrected_correct,manual_notes
A1,aerospace,technical_term,Il modulo di comando è rientrato nell'atmosfera terrestre dopo sei giorni nello spazio.,The command module re-entered Earth's atmosphere after six days in space.,command module,The control module entered the Earth's atmosphere after six days in space.,The command module entered the Earth's atmosphere after six days in space.,yes,aerospace_command_module,,,,
A2,aerospace,technical_term,Durante la missione gli astronauti hanno controllato i sistemi del modulo di comando.,During the mission the astronauts checked the command module's systems.,command module in longer context,"During the mission, astronauts checked the command module systems.","During the mission, astronauts checked the command module systems.",no,,,,,
A3,aerospace,negative_control,Il modulo di controllo regola automaticamente la temperatura del motore.,The control module automatically regulates the engine temperature.,control module is correct,The control module automatically adjusts the engine temperature.,The control module automatically adjusts the engine temperature.,no,,,,,
A4,aerospace,technical_term,La NASA ha recuperato il modulo di comando nell'Oceano Pacifico.,NASA recovered the command module in the Pacific Ocean.,command module with agency context,NASA recovered the command module in the Pacific Ocean.,NASA recovered the command module in the Pacific Ocean.,no,,,,,
A5,aerospace,negative_control,Il tecnico ha sostituito un componente elettronico nel modulo di controllo.,The technician replaced an electronic component in the control module.,control module is correct,The technician replaced an electronic component in the control module.,The technician replaced an electronic component in the control module.,no,,,,,
G1,geology,technical_term,Le scarpate lobate sulla superficie lunare indicano un progressivo restringimento della Luna.,Lobate scarps on the lunar surface indicate that the Moon is gradually contracting.,lobate scarps,The lobed escarpments on the lunar surface indicate a progressive narrowing of the Moon.,The lobed escarpments on the lunar surface indicate a progressive narrowing of the Moon.,no,,,,,
G2,geology,technical_term,I ricercatori hanno individuato nuove scarpate lobate nelle immagini orbitali della Luna.,Researchers identified new lobate scarps in orbital images of the Moon.,lobate scarps in new phrasing,Researchers have identified new lobed escarpments in the orbital images of the Moon.,Researchers have identified new lobed escarpments in the orbital images of the Moon.,no,,,,,
G3,geology,related_term,Il terremoto ha provocato la formazione di una lunga scarpata lungo la faglia.,The earthquake caused a long scarp to form along the fault.,singular scarp,The earthquake caused the formation of a long escarpment along the fault.,The earthquake caused the formation of a long escarpment along the fault.,no,,,,,
G4,geology,technical_term,Gli astronauti hanno attraversato un terreno roccioso vicino alle scarpate lobate.,The astronauts crossed rocky terrain near the lobate scarps.,lobate scarps in oblique phrase,The astronauts crossed a rocky ground near the lobed escarpments.,The astronauts crossed a rocky ground near the lobed escarpments.,no,,,,,
G5,geology,negative_control,Prima dell'escursione gli studenti hanno acquistato nuove scarpe da trekking.,Before the excursion the students bought new hiking shoes.,actual footwear must stay shoes,"Before the hike, students bought new hiking shoes.","Before the hike, students bought new hiking shoes.",no,,,,,
P1,physics,technical_term,Nel nucleo del Sole i nuclei di idrogeno si fondono liberando enormi quantità di energia.,In the Sun's core hydrogen nuclei fuse releasing enormous amounts of energy.,fuse versus melt or merge,"In the core of the Sun, hydrogen nuclei melt and release enormous amounts of energy.","In the core of the Sun, hydrogen nuclei melt and release enormous amounts of energy.",no,,,,,
P2,physics,technical_term,Quando i nuclei leggeri si fondono possono formare nuclei più pesanti.,When light nuclei fuse they can form heavier nuclei.,fuse in a different sentence,When light nuclei merge they can form heavier nuclei.,When light nuclei merge they can form heavier nuclei.,no,,,,,
P3,physics,negative_control,Il ghiaccio fonde lentamente quando la temperatura supera gli zero gradi Celsius.,Ice melts slowly when the temperature rises above zero degrees Celsius.,melt must not become fuse,The ice melts slowly when the temperature exceeds zero degrees Celsius.,The ice melts slowly when the temperature exceeds zero degrees Celsius.,no,,,,,
P4,physics,related_term,Per costruire questa struttura i due pezzi di metallo vengono uniti mediante saldatura.,To build this structure the two metal pieces are joined by welding.,join not nuclear fusion,"To build this structure, the two pieces of metal are joined by welding.","To build this structure, the two pieces of metal are joined by welding.",no,,,,,
P5,physics,technical_term,Nelle stelle i nuclei di idrogeno si uniscono (o si fondono) per formare elio.,In stars hydrogen nuclei join (or fuse) to form helium.,distinct terms in parentheses,In the stars hydrogen nuclei join (or merge) to form helium.,In the stars hydrogen nuclei join (or merge) to form helium.,no,,,,,
E1,everyday_context,context_ambiguity,Il manuale di origami contiene istruzioni semplici per aiutare i piegatori inesperti.,The origami manual contains simple instructions to help inexperienced paper folders.,folders in paper context,The origami manual contains simple instructions to help inexperienced benders.,The origami manual contains simple instructions to help inexperienced benders.,no,,piegatori_requires_activity_context: inspect folding versus bending meaning,,,
E2,everyday_context,negative_control,I piegatori di metalli utilizzano macchinari industriali per modellare le lamiere.,Metal benders use industrial machinery to shape sheet metal.,benders in metal context,Metal bending machines use industrial machinery to shape sheet metal.,Metal bending machines use industrial machinery to shape sheet metal.,no,,,,,
E3,everyday_context,context_ambiguity,Durante la colazione il padrone di casa ci ha servito una specialità locale.,At breakfast the host served us a local specialty.,host rather than landlord,During breakfast the landlord served us a local specialty.,During breakfast the host served us a local specialty.,yes,hospitality_host,,,,
E4,everyday_context,context_ambiguity,Per utilizzare il navigatore è necessario aggiornare le carte del GPS.,To use the navigation system the GPS maps need to be updated.,GPS maps with a new Italian construction,To use the navigator you need to update the GPS cards.,To use the navigator you need to update the GPS cards.,no,,,,,
E5,everyday_context,context_ambiguity,Il viaggiatore ha acquistato un dispositivo GPS autonomo per evitare di usare il telefono.,The traveller bought a standalone GPS device to avoid using their phone.,standalone rather than autonomous,The traveler purchased an autonomous GPS device to avoid using the phone.,The traveler purchased a standalone GPS device to avoid using the phone.,yes,standalone_gps,,,,
